{
  "$schema": "./node_modules/@angular/cli/lib/config/schema.json",
  "project": {
    "name": "simeq-frontend"
  },
  "apps": [
    {
      "root": "src",
      "outDir": "dist",
      "assets": [
        "assets",
        "favicon.ico"
      ],
      "index": "index.html",
      "main": "main.ts",
      "polyfills": "polyfills.ts",
      "test": "test.ts",
      "tsconfig": "tsconfig.app.json",
      "testTsconfig": "tsconfig.spec.json",
      "prefix": "simeq",
      "styles": [
        "styles.scss",
        "../node_modules/fullcalendar/dist/fullcalendar.min.css"
      ],
      "scripts": [
        "../node_modules/crypto-js/crypto-js.js",
        "../nodes_modules/file-saver/FileSaver.js",
        "./assets/js/bootstrap-filestyle.js",
         "../node_modules/moment/min/moment.min.js"
      ],
      "environmentSource": "environments/environment.ts",
      "environments": {
        "dev": "environments/environment.ts",
        "prod": "environments/environment.prod.ts",
        "qa": "environments/environment.qa.ts",
        "hml": "environments/environment.hml.ts"
      }
    }
  ],
  "e2e": {
    "protractor": {
      "config": "./protractor.conf.js"
    }
  },
  "lint": [
    {
      "project": "src/tsconfig.app.json",
      "exclude": "**/node_modules/**"
    },
    {
      "project": "src/tsconfig.spec.json",
      "exclude": "**/node_modules/**"
    },
    {
      "project": "e2e/tsconfig.e2e.json",
      "exclude": "**/node_modules/**"
    }
  ],
  "test": {
    "karma": {
      "config": "./karma.conf.js"
    }
  },
  "defaults": {
    "styleExt": "scss",
    "class": {
      "spec": false
    },
    "component": {
      "spec": false
    },
    "directive": {
      "spec": false
    },
    "guard": {
      "spec": false
    },
    "module": {
      "spec": false
    },
    "pipe": {
      "spec": false
    },
    "service": {
      "spec": false
    }
  }
}
